<?xml version="1.0"?>
<!DOCTYPE hibernate-mapping PUBLIC "-//Hibernate/Hibernate Mapping DTD 3.0//EN" "http://hibernate.sourceforge.net/hibernate-mapping-3.0.dtd">

<hibernate-mapping auto-import="false" default-lazy="false">
	<import class="com.liferaytutorials.slayer.model.Student" />
	<class name="com.liferaytutorials.slayer.model.impl.StudentImpl" table="STUDENT_Student">
		<id name="studentId" type="long">
			<generator class="assigned" />
		</id>
		<property column="uuid_" name="uuid" type="com.liferay.portal.dao.orm.hibernate.StringType" />
		<property name="name" type="com.liferay.portal.dao.orm.hibernate.StringType" />
		<property name="sollNumber" type="com.liferay.portal.dao.orm.hibernate.IntegerType" />
		<property name="entryDate" type="org.hibernate.type.TimestampType" />
	</class>
</hibernate-mapping>