<?xml version="1.0"?>
<!DOCTYPE service-builder PUBLIC "-//Liferay//DTD Service Builder 7.0.0//EN" "http://www.liferay.com/dtd/liferay-service-builder_7_0_0.dtd">

<service-builder package-path="com.liferaytutorials.slayer">
	<namespace>STUDENT</namespace>
	<entity local-service="true" name="Student" remote-service="true"
		uuid="true">

		<column name="studentId" primary="true" type="long" />

		<column name="name" type="String" />
		<column name="sollNumber" type="int" />
		<column name="entryDate" type="Date" />

		<order by="asc">
			<order-column name="name" />
		</order>

		<finder name="Name" return-type="Collection">
			<finder-column name="name" />
		</finder>
	</entity>
</service-builder>